{
  "market_only": {
    "accuracy": 0.6399535423925667,
    "precision": 0.2354948805460751,
    "recall": 0.44516129032258067,
    "f1": 0.3080357142857143,
    "n": 861,
    "up_rate": 0.1800232288037166,
    "roc_auc": 0.5695101891620213,
    "threshold": 0.13793103396892548
  },
  "market_plus_sentiment": {
    "accuracy": 0.2508710801393728,
    "precision": 0.1875,
    "recall": 0.9483870967741935,
    "f1": 0.31309904153354634,
    "n": 861,
    "up_rate": 0.1800232288037166,
    "roc_auc": 0.5745636479941515,
    "threshold": 0.10839160531759262
  },
  "all_groups": {
    "accuracy": 0.6167247386759582,
    "precision": 0.2222222222222222,
    "recall": 0.45161290322580644,
    "f1": 0.2978723404255319,
    "n": 861,
    "up_rate": 0.1800232288037166,
    "roc_auc": 0.5839577812300101,
    "threshold": 0.11764705926179886
  },
  "market_plus_each_group": {
    "sentiment": {
      "accuracy": 0.2508710801393728,
      "precision": 0.1875,
      "recall": 0.9483870967741935,
      "f1": 0.31309904153354634,
      "n": 861,
      "up_rate": 0.1800232288037166,
      "roc_auc": 0.5745636479941515,
      "threshold": 0.10839160531759262,
      "delta_f1_vs_market": 0.005053458832130153,
      "primary_metric": "roc_auc"
    },
    "sentiment_news": {
      "accuracy": 0.6562137049941928,
      "precision": 0.22134387351778656,
      "recall": 0.36129032258064514,
      "f1": 0.27450980392156865,
      "n": 861,
      "up_rate": 0.1800232288037166,
      "roc_auc": 0.5534131408206159,
      "threshold": 0.14529915153980255,
      "delta_f1_vs_market": -0.016097048341405462,
      "primary_metric": "roc_auc"
    },
    "sentiment_social": {
      "accuracy": 0.21951219512195122,
      "precision": 0.18437118437118438,
      "recall": 0.9741935483870968,
      "f1": 0.31006160164271046,
      "n": 861,
      "up_rate": 0.1800232288037166,
      "roc_auc": 0.531540710956776,
      "threshold": 0.11445783078670502,
      "delta_f1_vs_market": -0.03796947820524532,
      "primary_metric": "roc_auc"
    },
    "regime": {
      "accuracy": 0.37630662020905925,
      "precision": 0.18892508143322476,
      "recall": 0.7483870967741936,
      "f1": 0.3016905071521456,
      "n": 861,
      "up_rate": 0.1800232288037166,
      "roc_auc": 0.5188385269121814,
      "threshold": 0.12045889347791672,
      "delta_f1_vs_market": -0.05067166224983999,
      "primary_metric": "roc_auc"
    }
  },
  "sentiment_walk_forward": {
    "folds": 5,
    "deltas": [
      0.0026,
      -0.006,
      0.0122,
      0.0007,
      0.0391
    ],
    "market_f1_mean": 0.5489064286555548,
    "market_sentiment_f1_mean": 0.5586475761945977,
    "mean": 0.009741147539042917,
    "std": 0.01580999169549566
  }
}