{
  "pred_prob": [
    0.019999999552965164,
    0.121785968542099,
    0.3478260636329651
  ],
  "obs_freq": [
    0.0,
    0.18016928657799275,
    0.20689655172413793
  ],
  "counts": [
    5,
    827,
    29
  ]
}